manning_n_1,manning_n_3,rmse
0.05,0.05,0.407537
0.067793,0.031006,0.954776
0.066781,0.055811,0.954547
0.04675,0.025998,0.247235
0.047555,0.040023,0.298364
0.028572,0.059053,0.619891
0.023385,0.06332,0.890292
0.076313,0.020047,1.141833
0.079533,0.057049,1.246689
0.056699,0.020424,0.611969
0.021384,0.051486,1.010119
